<?xml version="1.0" encoding="utf-8"?>
<gameList>
  <game>
    <path>./Ambidextro.sh</path>
    <name>Ambidextro</name>
    <desc>Ambidextro is a multiplayer for a single player. Learn to control two characters at the same time, one with each hand. Develop your ambidexterity and rescue both the prince and the princess simultaneously.</desc>
    <developer>Majorariatto</developer>
    <publisher>Majorariatto</publisher>
    <genre>RPG</genre>
    <image>./ambidextro/cover.png</image>
  </game>
</gameList>
