{
  "version": 4,
  "name": "ambidextro.zip",
  "items": [
    "Ambidextro.sh",
    "Ambidextro VirtualXboxC.sh",
    "ambidextro"
  ],
  "items_opt": [],
  "attr": {
    "title": "Ambidextro",
    "porter": [
      "lowlevel.1989"
    ],
    "desc": "Ambidextro is a multiplayer for a single player. Learn to control two characters at the same time, one with each hand. Develop your ambidexterity and rescue both the prince and the princess simultaneously.",
    "desc_md": null,
    "inst": "Copy the file Ambidextro.pck into the folder:  /roms/ports/ambidextro/\n",
    "inst_md": null,
    "genres": [
      "arcade"
    ],
    "image": null,
    "rtr": false,
    "exp": false,
    "runtime": [
      "weston_pkg_0.2.squashfs",
      "godot_4.3.squashfs"
    ],
    "store": [
      {
        "name": "steam",
        "gameurl": "https://store.steampowered.com/app/3445580/Ambidextro/",
        "developerurl": "https://www.majorariatto.com/"
      },
      {
        "name": "itch",
        "gameurl": "https://majorariatto.itch.io/ambidextro",
        "developerurl": "https://www.majorariatto.com/"
      }
    ],
    "availability": "paid",
    "reqs": [],
    "arch": [
      "aarch64"
    ],
    "min_glibc": ""
  }
}
